<?xml version="1.0" encoding="UTF-8"?>
<manifest identifier="eXe-MANIFEST-20251115104158CEGLED" xmlns="http://www.imsproject.org/xsd/imscp_rootv1p1p2" xmlns:adlcp="http://www.adlnet.org/xsd/adlcp_rootv1p2" xmlns:imsmd="http://www.imsglobal.org/xsd/imsmd_v1p2" xmlns:xsi="http://www.w3.org/2001/XMLSchema-instance" xsi:schemaLocation="http://www.imsproject.org/xsd/imscp_rootv1p1p2 imscp_rootv1p1p2.xsd http://www.imsglobal.org/xsd/imsmd_rootv1p2p1 imsmd_rootv1p2p1.xsd http://www.adlnet.org/xsd/adlcp_rootv1p2 adlcp_rootv1p2.xsd"><metadata><schema>ADL SCORM</schema><schemaversion>1.2</schemaversion><adlcp:location>imslrm.xml</adlcp:location></metadata><organizations default="eXe-20251115104158CEGLED"><organization identifier="eXe-20251115104158CEGLED" structure="hierarchical"><title>Lorem ipsum dolor sit amet, consectetur adipiscing</title><item identifier="ITEM-20251115102837WXDYJB" identifierref="RES-20251115102837WXDYJB" isvisible="true"><title>Maecenas id</title></item><item identifier="ITEM-20251115102837XMVMSC" identifierref="RES-20251115102837XMVMSC" isvisible="true"><title>Duis placerat diam sit amet lacus iaculis luctus</title></item><item identifier="ITEM-20251115102837DXCORX" identifierref="RES-20251115102837DXCORX" isvisible="true"><title>Vestibulum in tortor</title><item identifier="ITEM-20251115102837ULBVFO" identifierref="RES-20251115102837ULBVFO" isvisible="true"><title>Phasellus maximus 2.1</title></item><item identifier="ITEM-20251115102837YLEZTC" identifierref="RES-20251115102837YLEZTC" isvisible="true"><title>Nunc posuere laoreet 2.2</title><item identifier="ITEM-20251115102837AUOEVQ" identifierref="RES-20251115102837AUOEVQ" isvisible="true"><title>Nunc dapibus 2.1.1</title></item><item identifier="ITEM-20251115102837IUQISL" identifierref="RES-20251115102837IUQISL" isvisible="true"><title>Nunc dapibus 2.1.2</title></item><item identifier="ITEM-20251115102837TNPVVV" identifierref="RES-20251115102837TNPVVV" isvisible="true"><title>Nunc dapibus 2.1.3</title></item></item><item identifier="ITEM-20251115102837GZYOSC" identifierref="RES-20251115102837GZYOSC" isvisible="true"><title>Curabitur et purus sagittis</title></item></item><item identifier="ITEM-20251115102837DDMPZO" identifierref="RES-20251115102837DDMPZO" isvisible="true"><title>Proin neque eros, feugiat id vulputate</title><item identifier="ITEM-20251115102837ZFUTKG" identifierref="RES-20251115102837ZFUTKG" isvisible="true"><title>Interdum et malesuada 3.1</title></item><item identifier="ITEM-20251115102837VTGJXR" identifierref="RES-20251115102837VTGJXR" isvisible="true"><title>Maecenas id odio ornare 3.2</title></item></item><item identifier="ITEM-20251115102837ACNPRS" identifierref="RES-20251115102837ACNPRS" isvisible="true"><title>Duis placerat diam sit amet lacus iaculis luctus</title></item><item identifier="ITEM-20251115102837GLIRAA" identifierref="RES-20251115102837GLIRAA" isvisible="true"><title>Highlighted page</title></item><item identifier="ITEM-20251115102837BIDBYS" identifierref="RES-20251115102837BIDBYS" isvisible="true"><title>UDL examples</title></item></organization></organizations><resources><resource identifier="RES-20251115102837WXDYJB" type="webcontent" adlcp:scormtype="sco" href="index.html"><file href="index.html"/><file href="libs/exe_atools/exe_atools.css"/><file href="libs/exe_atools/exe_atools.js"/><file href="libs/exe_atools/exe_atools.png"/><file href="libs/exe_atools/exe_atools_ah.woff2"/><file href="libs/exe_atools/exe_atools_ah_ext.woff2"/><file href="libs/exe_atools/exe_atools_mo.woff2"/><file href="libs/exe_atools/exe_atools_mo_cy.woff2"/><file href="libs/exe_atools/exe_atools_mo_cy_ext.woff2"/><file href="libs/exe_atools/exe_atools_mo_ext.woff2"/><file href="libs/exe_atools/exe_atools_mo_vi.woff2"/><file href="libs/exe_atools/exe_atools_od.woff"/><file href="libs/exe_atools/exe_atools_od_b.woff"/><file href="libs/exe_atools/exe_atools_od_bi.woff"/><file href="libs/exe_atools/exe_atools_od_i.woff"/><file href="content/resources/20251111074635DNDSCB/00.jpg"/><file href="idevices/text/text.css"/><file href="idevices/text/text.html"/><file href="idevices/text/text.js"/><dependency identifierref="COMMON_FILES"/></resource><resource identifier="RES-20251115102837XMVMSC" type="webcontent" adlcp:scormtype="sco" href="html/duis-placerat-diam-sit-amet-lacus-iaculis-luctus.html"><file href="html/duis-placerat-diam-sit-amet-lacus-iaculis-luctus.html"/><file href="libs/exe_effects/exe_effects.css"/><file href="libs/exe_effects/exe_effects.js"/><file href="libs/exe_atools/exe_atools.css"/><file href="libs/exe_atools/exe_atools.js"/><file href="libs/exe_atools/exe_atools.png"/><file href="libs/exe_atools/exe_atools_ah.woff2"/><file href="libs/exe_atools/exe_atools_ah_ext.woff2"/><file href="libs/exe_atools/exe_atools_mo.woff2"/><file href="libs/exe_atools/exe_atools_mo_cy.woff2"/><file href="libs/exe_atools/exe_atools_mo_cy_ext.woff2"/><file href="libs/exe_atools/exe_atools_mo_ext.woff2"/><file href="libs/exe_atools/exe_atools_mo_vi.woff2"/><file href="libs/exe_atools/exe_atools_od.woff"/><file href="libs/exe_atools/exe_atools_od_b.woff"/><file href="libs/exe_atools/exe_atools_od_bi.woff"/><file href="libs/exe_atools/exe_atools_od_i.woff"/><file href="content/resources/20251111074635VQOTOP/sq01.jpg"/><file href="content/resources/20251111074635VQOTOP/sq02.jpg"/><file href="content/resources/20251111074635VQOTOP/sq03.jpg"/><file href="idevices/text/text.css"/><file href="idevices/text/text.html"/><file href="idevices/text/text.js"/><dependency identifierref="COMMON_FILES"/></resource><resource identifier="RES-20251115102837DXCORX" type="webcontent" adlcp:scormtype="sco" href="html/vestibulum-in-tortor.html"><file href="html/vestibulum-in-tortor.html"/><file href="libs/exe_atools/exe_atools.css"/><file href="libs/exe_atools/exe_atools.js"/><file href="libs/exe_atools/exe_atools.png"/><file href="libs/exe_atools/exe_atools_ah.woff2"/><file href="libs/exe_atools/exe_atools_ah_ext.woff2"/><file href="libs/exe_atools/exe_atools_mo.woff2"/><file href="libs/exe_atools/exe_atools_mo_cy.woff2"/><file href="libs/exe_atools/exe_atools_mo_cy_ext.woff2"/><file href="libs/exe_atools/exe_atools_mo_ext.woff2"/><file href="libs/exe_atools/exe_atools_mo_vi.woff2"/><file href="libs/exe_atools/exe_atools_od.woff"/><file href="libs/exe_atools/exe_atools_od_b.woff"/><file href="libs/exe_atools/exe_atools_od_bi.woff"/><file href="libs/exe_atools/exe_atools_od_i.woff"/><dependency identifierref="COMMON_FILES"/></resource><resource identifier="RES-20251115102837ULBVFO" type="webcontent" adlcp:scormtype="sco" href="html/phasellus-maximus-2-1.html"><file href="html/phasellus-maximus-2-1.html"/><file href="libs/exe_atools/exe_atools.css"/><file href="libs/exe_atools/exe_atools.js"/><file href="libs/exe_atools/exe_atools.png"/><file href="libs/exe_atools/exe_atools_ah.woff2"/><file href="libs/exe_atools/exe_atools_ah_ext.woff2"/><file href="libs/exe_atools/exe_atools_mo.woff2"/><file href="libs/exe_atools/exe_atools_mo_cy.woff2"/><file href="libs/exe_atools/exe_atools_mo_cy_ext.woff2"/><file href="libs/exe_atools/exe_atools_mo_ext.woff2"/><file href="libs/exe_atools/exe_atools_mo_vi.woff2"/><file href="libs/exe_atools/exe_atools_od.woff"/><file href="libs/exe_atools/exe_atools_od_b.woff"/><file href="libs/exe_atools/exe_atools_od_bi.woff"/><file href="libs/exe_atools/exe_atools_od_i.woff"/><dependency identifierref="COMMON_FILES"/></resource><resource identifier="RES-20251115102837YLEZTC" type="webcontent" adlcp:scormtype="sco" href="html/nunc-posuere-laoreet-2-2.html"><file href="html/nunc-posuere-laoreet-2-2.html"/><file href="libs/exe_atools/exe_atools.css"/><file href="libs/exe_atools/exe_atools.js"/><file href="libs/exe_atools/exe_atools.png"/><file href="libs/exe_atools/exe_atools_ah.woff2"/><file href="libs/exe_atools/exe_atools_ah_ext.woff2"/><file href="libs/exe_atools/exe_atools_mo.woff2"/><file href="libs/exe_atools/exe_atools_mo_cy.woff2"/><file href="libs/exe_atools/exe_atools_mo_cy_ext.woff2"/><file href="libs/exe_atools/exe_atools_mo_ext.woff2"/><file href="libs/exe_atools/exe_atools_mo_vi.woff2"/><file href="libs/exe_atools/exe_atools_od.woff"/><file href="libs/exe_atools/exe_atools_od_b.woff"/><file href="libs/exe_atools/exe_atools_od_bi.woff"/><file href="libs/exe_atools/exe_atools_od_i.woff"/><dependency identifierref="COMMON_FILES"/></resource><resource identifier="RES-20251115102837AUOEVQ" type="webcontent" adlcp:scormtype="sco" href="html/nunc-dapibus-2-1-1.html"><file href="html/nunc-dapibus-2-1-1.html"/><file href="libs/exe_atools/exe_atools.css"/><file href="libs/exe_atools/exe_atools.js"/><file href="libs/exe_atools/exe_atools.png"/><file href="libs/exe_atools/exe_atools_ah.woff2"/><file href="libs/exe_atools/exe_atools_ah_ext.woff2"/><file href="libs/exe_atools/exe_atools_mo.woff2"/><file href="libs/exe_atools/exe_atools_mo_cy.woff2"/><file href="libs/exe_atools/exe_atools_mo_cy_ext.woff2"/><file href="libs/exe_atools/exe_atools_mo_ext.woff2"/><file href="libs/exe_atools/exe_atools_mo_vi.woff2"/><file href="libs/exe_atools/exe_atools_od.woff"/><file href="libs/exe_atools/exe_atools_od_b.woff"/><file href="libs/exe_atools/exe_atools_od_bi.woff"/><file href="libs/exe_atools/exe_atools_od_i.woff"/><dependency identifierref="COMMON_FILES"/></resource><resource identifier="RES-20251115102837IUQISL" type="webcontent" adlcp:scormtype="sco" href="html/nunc-dapibus-2-1-2.html"><file href="html/nunc-dapibus-2-1-2.html"/><file href="libs/exe_atools/exe_atools.css"/><file href="libs/exe_atools/exe_atools.js"/><file href="libs/exe_atools/exe_atools.png"/><file href="libs/exe_atools/exe_atools_ah.woff2"/><file href="libs/exe_atools/exe_atools_ah_ext.woff2"/><file href="libs/exe_atools/exe_atools_mo.woff2"/><file href="libs/exe_atools/exe_atools_mo_cy.woff2"/><file href="libs/exe_atools/exe_atools_mo_cy_ext.woff2"/><file href="libs/exe_atools/exe_atools_mo_ext.woff2"/><file href="libs/exe_atools/exe_atools_mo_vi.woff2"/><file href="libs/exe_atools/exe_atools_od.woff"/><file href="libs/exe_atools/exe_atools_od_b.woff"/><file href="libs/exe_atools/exe_atools_od_bi.woff"/><file href="libs/exe_atools/exe_atools_od_i.woff"/><dependency identifierref="COMMON_FILES"/></resource><resource identifier="RES-20251115102837TNPVVV" type="webcontent" adlcp:scormtype="sco" href="html/nunc-dapibus-2-1-3.html"><file href="html/nunc-dapibus-2-1-3.html"/><file href="libs/exe_atools/exe_atools.css"/><file href="libs/exe_atools/exe_atools.js"/><file href="libs/exe_atools/exe_atools.png"/><file href="libs/exe_atools/exe_atools_ah.woff2"/><file href="libs/exe_atools/exe_atools_ah_ext.woff2"/><file href="libs/exe_atools/exe_atools_mo.woff2"/><file href="libs/exe_atools/exe_atools_mo_cy.woff2"/><file href="libs/exe_atools/exe_atools_mo_cy_ext.woff2"/><file href="libs/exe_atools/exe_atools_mo_ext.woff2"/><file href="libs/exe_atools/exe_atools_mo_vi.woff2"/><file href="libs/exe_atools/exe_atools_od.woff"/><file href="libs/exe_atools/exe_atools_od_b.woff"/><file href="libs/exe_atools/exe_atools_od_bi.woff"/><file href="libs/exe_atools/exe_atools_od_i.woff"/><dependency identifierref="COMMON_FILES"/></resource><resource identifier="RES-20251115102837GZYOSC" type="webcontent" adlcp:scormtype="sco" href="html/curabitur-et-purus-sagittis.html"><file href="html/curabitur-et-purus-sagittis.html"/><file href="libs/exe_atools/exe_atools.css"/><file href="libs/exe_atools/exe_atools.js"/><file href="libs/exe_atools/exe_atools.png"/><file href="libs/exe_atools/exe_atools_ah.woff2"/><file href="libs/exe_atools/exe_atools_ah_ext.woff2"/><file href="libs/exe_atools/exe_atools_mo.woff2"/><file href="libs/exe_atools/exe_atools_mo_cy.woff2"/><file href="libs/exe_atools/exe_atools_mo_cy_ext.woff2"/><file href="libs/exe_atools/exe_atools_mo_ext.woff2"/><file href="libs/exe_atools/exe_atools_mo_vi.woff2"/><file href="libs/exe_atools/exe_atools_od.woff"/><file href="libs/exe_atools/exe_atools_od_b.woff"/><file href="libs/exe_atools/exe_atools_od_bi.woff"/><file href="libs/exe_atools/exe_atools_od_i.woff"/><dependency identifierref="COMMON_FILES"/></resource><resource identifier="RES-20251115102837DDMPZO" type="webcontent" adlcp:scormtype="sco" href="html/proin-neque-eros-feugiat-id-vulputate.html"><file href="html/proin-neque-eros-feugiat-id-vulputate.html"/><file href="libs/exe_atools/exe_atools.css"/><file href="libs/exe_atools/exe_atools.js"/><file href="libs/exe_atools/exe_atools.png"/><file href="libs/exe_atools/exe_atools_ah.woff2"/><file href="libs/exe_atools/exe_atools_ah_ext.woff2"/><file href="libs/exe_atools/exe_atools_mo.woff2"/><file href="libs/exe_atools/exe_atools_mo_cy.woff2"/><file href="libs/exe_atools/exe_atools_mo_cy_ext.woff2"/><file href="libs/exe_atools/exe_atools_mo_ext.woff2"/><file href="libs/exe_atools/exe_atools_mo_vi.woff2"/><file href="libs/exe_atools/exe_atools_od.woff"/><file href="libs/exe_atools/exe_atools_od_b.woff"/><file href="libs/exe_atools/exe_atools_od_bi.woff"/><file href="libs/exe_atools/exe_atools_od_i.woff"/><dependency identifierref="COMMON_FILES"/></resource><resource identifier="RES-20251115102837ZFUTKG" type="webcontent" adlcp:scormtype="sco" href="html/interdum-et-malesuada-3-1.html"><file href="html/interdum-et-malesuada-3-1.html"/><file href="libs/exe_atools/exe_atools.css"/><file href="libs/exe_atools/exe_atools.js"/><file href="libs/exe_atools/exe_atools.png"/><file href="libs/exe_atools/exe_atools_ah.woff2"/><file href="libs/exe_atools/exe_atools_ah_ext.woff2"/><file href="libs/exe_atools/exe_atools_mo.woff2"/><file href="libs/exe_atools/exe_atools_mo_cy.woff2"/><file href="libs/exe_atools/exe_atools_mo_cy_ext.woff2"/><file href="libs/exe_atools/exe_atools_mo_ext.woff2"/><file href="libs/exe_atools/exe_atools_mo_vi.woff2"/><file href="libs/exe_atools/exe_atools_od.woff"/><file href="libs/exe_atools/exe_atools_od_b.woff"/><file href="libs/exe_atools/exe_atools_od_bi.woff"/><file href="libs/exe_atools/exe_atools_od_i.woff"/><dependency identifierref="COMMON_FILES"/></resource><resource identifier="RES-20251115102837VTGJXR" type="webcontent" adlcp:scormtype="sco" href="html/maecenas-id-odio-ornare-3-2.html"><file href="html/maecenas-id-odio-ornare-3-2.html"/><file href="libs/exe_atools/exe_atools.css"/><file href="libs/exe_atools/exe_atools.js"/><file href="libs/exe_atools/exe_atools.png"/><file href="libs/exe_atools/exe_atools_ah.woff2"/><file href="libs/exe_atools/exe_atools_ah_ext.woff2"/><file href="libs/exe_atools/exe_atools_mo.woff2"/><file href="libs/exe_atools/exe_atools_mo_cy.woff2"/><file href="libs/exe_atools/exe_atools_mo_cy_ext.woff2"/><file href="libs/exe_atools/exe_atools_mo_ext.woff2"/><file href="libs/exe_atools/exe_atools_mo_vi.woff2"/><file href="libs/exe_atools/exe_atools_od.woff"/><file href="libs/exe_atools/exe_atools_od_b.woff"/><file href="libs/exe_atools/exe_atools_od_bi.woff"/><file href="libs/exe_atools/exe_atools_od_i.woff"/><dependency identifierref="COMMON_FILES"/></resource><resource identifier="RES-20251115102837ACNPRS" type="webcontent" adlcp:scormtype="sco" href="html/duis-placerat-diam-sit-amet-lacus-iaculis-luctus1.html"><file href="html/duis-placerat-diam-sit-amet-lacus-iaculis-luctus1.html"/><file href="libs/exe_atools/exe_atools.css"/><file href="libs/exe_atools/exe_atools.js"/><file href="libs/exe_atools/exe_atools.png"/><file href="libs/exe_atools/exe_atools_ah.woff2"/><file href="libs/exe_atools/exe_atools_ah_ext.woff2"/><file href="libs/exe_atools/exe_atools_mo.woff2"/><file href="libs/exe_atools/exe_atools_mo_cy.woff2"/><file href="libs/exe_atools/exe_atools_mo_cy_ext.woff2"/><file href="libs/exe_atools/exe_atools_mo_ext.woff2"/><file href="libs/exe_atools/exe_atools_mo_vi.woff2"/><file href="libs/exe_atools/exe_atools_od.woff"/><file href="libs/exe_atools/exe_atools_od_b.woff"/><file href="libs/exe_atools/exe_atools_od_bi.woff"/><file href="libs/exe_atools/exe_atools_od_i.woff"/><dependency identifierref="COMMON_FILES"/></resource><resource identifier="RES-20251115102837GLIRAA" type="webcontent" adlcp:scormtype="sco" href="html/highlighted-page.html"><file href="html/highlighted-page.html"/><file href="libs/exe_atools/exe_atools.css"/><file href="libs/exe_atools/exe_atools.js"/><file href="libs/exe_atools/exe_atools.png"/><file href="libs/exe_atools/exe_atools_ah.woff2"/><file href="libs/exe_atools/exe_atools_ah_ext.woff2"/><file href="libs/exe_atools/exe_atools_mo.woff2"/><file href="libs/exe_atools/exe_atools_mo_cy.woff2"/><file href="libs/exe_atools/exe_atools_mo_cy_ext.woff2"/><file href="libs/exe_atools/exe_atools_mo_ext.woff2"/><file href="libs/exe_atools/exe_atools_mo_vi.woff2"/><file href="libs/exe_atools/exe_atools_od.woff"/><file href="libs/exe_atools/exe_atools_od_b.woff"/><file href="libs/exe_atools/exe_atools_od_bi.woff"/><file href="libs/exe_atools/exe_atools_od_i.woff"/><dependency identifierref="COMMON_FILES"/></resource><resource identifier="RES-20251115102837BIDBYS" type="webcontent" adlcp:scormtype="sco" href="html/udl-examples.html"><file href="html/udl-examples.html"/><file href="libs/exe_atools/exe_atools.css"/><file href="libs/exe_atools/exe_atools.js"/><file href="libs/exe_atools/exe_atools.png"/><file href="libs/exe_atools/exe_atools_ah.woff2"/><file href="libs/exe_atools/exe_atools_ah_ext.woff2"/><file href="libs/exe_atools/exe_atools_mo.woff2"/><file href="libs/exe_atools/exe_atools_mo_cy.woff2"/><file href="libs/exe_atools/exe_atools_mo_cy_ext.woff2"/><file href="libs/exe_atools/exe_atools_mo_ext.woff2"/><file href="libs/exe_atools/exe_atools_mo_vi.woff2"/><file href="libs/exe_atools/exe_atools_od.woff"/><file href="libs/exe_atools/exe_atools_od_b.woff"/><file href="libs/exe_atools/exe_atools_od_bi.woff"/><file href="libs/exe_atools/exe_atools_od_i.woff"/><file href="idevices/udl-content/udl-character-1.gif"/><file href="idevices/udl-content/udl-character-2.gif"/><file href="idevices/udl-content/udl-character-3.gif"/><file href="idevices/udl-content/udl-character-4.gif"/><file href="idevices/udl-content/udl-content.css"/><file href="idevices/udl-content/udl-content.js"/><file href="idevices/udl-content/udl-icons-sm.png"/><file href="idevices/udl-content/udl-icons.png"/><dependency identifierref="COMMON_FILES"/></resource><resource identifier="COMMON_FILES" type="webcontent" adlcp:scormtype="asset"><file href="libs/SCORM_API_wrapper.js"/><file href="libs/SCOFunctions.js"/><file href="libs/bootstrap/bootstrap.min.css.map"/><file href="libs/bootstrap/bootstrap.bundle.min.js.map"/><file href="libs/bootstrap/bootstrap.bundle.min.js"/><file href="libs/bootstrap/bootstrap.min.css"/><file href="libs/jquery/jquery.min.js"/><file href="libs/exe_export.js"/><file href="libs/common.js"/><file href="libs/exe_effects/exe_effects.js"/><file href="libs/exe_effects/exe_effects.css"/><file href="libs/common_i18n.js"/><file href="libs/exe_atools/exe_atools.png"/><file href="libs/exe_atools/exe_atools_ah.woff2"/><file href="libs/exe_atools/exe_atools_ah_ext.woff2"/><file href="libs/exe_atools/exe_atools_mo_vi.woff2"/><file href="libs/exe_atools/exe_atools_od_bi.woff"/><file href="libs/exe_atools/exe_atools.css"/><file href="libs/exe_atools/exe_atools_mo_cy_ext.woff2"/><file href="libs/exe_atools/exe_atools_mo_ext.woff2"/><file href="libs/exe_atools/exe_atools_od_i.woff"/><file href="libs/exe_atools/exe_atools_mo_cy.woff2"/><file href="libs/exe_atools/exe_atools_od_b.woff"/><file href="libs/exe_atools/exe_atools_mo.woff2"/><file href="libs/exe_atools/exe_atools_od.woff"/><file href="libs/exe_atools/exe_atools.js"/><file href="content/css/base.css"/><file href="content/css/icons/exe-share-icon-green.svg"/><file href="content/css/icons/exe-preview-icon-white.svg"/><file href="content/css/icons/exe-science-icon-green.svg"/><file href="content/css/icons/exe-preview-icon-green.svg"/><file href="content/css/icons/exe-upload-cloud-icon.svg"/><file href="content/css/icons/exe-new-icon.svg"/><file href="content/css/icons/exe-open-icon.svg"/><file href="content/css/icons/exe-page-icon-green.svg"/><file href="content/css/icons/menu.svg"/><file href="content/css/icons/exe-styles-icon.svg"/><file href="content/css/icons/exe-settings-icon.svg"/><file href="content/css/icons/minus.svg"/><file href="content/css/icons/exe-palette-icon-green.svg"/><file href="content/css/icons/exe-user-made-icon.svg"/><file href="content/css/icons/exe-search-icon.svg"/><file href="content/css/icons/exe-save-icon-white.svg"/><file href="content/css/icons/exe-upload-cloud-icon-green.svg"/><file href="content/css/icons/exe-save-icon-green.svg"/><file href="content/css/icons/exe-save-icon.svg"/><file href="content/css/icons/exe-undo-icon-green.svg"/><file href="content/css/icons/exe-move-icon.svg"/><file href="content/css/icons/exe-new-icon-green.svg"/><file href="content/css/icons/plus.svg"/><file href="content/css/icons/exe-report-icon-green.svg"/><file href="content/css/icons/exe-undo-icon.svg"/><file href="content/css/icons/exe-recent-icon-green.svg"/><file href="content/css/icons/exe-settings-icon-green.svg"/><file href="content/css/icons/exe-page-icon.svg"/><file href="content/css/icons/exe-print-icon-green.svg"/><file href="content/css/icons/exe-share-icon.svg"/><file href="content/img/exe_powered_logo.png"/><file href="theme/config.xml"/><file href="theme/img/licenses.gif"/><file href="theme/img/icons.png"/><file href="theme/icons/perform.png"/><file href="theme/icons/present.png"/><file href="theme/icons/arts.png"/><file href="theme/icons/passport.png"/><file href="theme/icons/english.png"/><file href="theme/icons/piece.png"/><file href="theme/icons/discuss.png"/><file href="theme/icons/competencies.png"/><file href="theme/icons/case.png"/><file href="theme/icons/think_alt.png"/><file href="theme/icons/video.png"/><file href="theme/icons/chrono.png"/><file href="theme/icons/diary_alt.png"/><file href="theme/icons/info.png"/><file href="theme/icons/play.png"/><file href="theme/icons/nature.png"/><file href="theme/icons/activity.png"/><file href="theme/icons/music.png"/><file href="theme/icons/objectives.png"/><file href="theme/icons/start.png"/><file href="theme/icons/file.png"/><file href="theme/icons/agreement.png"/><file href="theme/icons/collaborative.png"/><file href="theme/icons/explore.png"/><file href="theme/icons/calculate.png"/><file href="theme/icons/history.png"/><file href="theme/icons/reflection.png"/><file href="theme/icons/interactive.png"/><file href="theme/icons/stop.png"/><file href="theme/icons/ask.png"/><file href="theme/icons/book.png"/><file href="theme/icons/listen.png"/><file href="theme/icons/technology.png"/><file href="theme/icons/letters.png"/><file href="theme/icons/gallery.png"/><file href="theme/icons/suitcase.png"/><file href="theme/icons/alert.png"/><file href="theme/icons/pieces.png"/><file href="theme/icons/roadmap.png"/><file href="theme/icons/draw.png"/><file href="theme/icons/download.png"/><file href="theme/icons/sport.png"/><file href="theme/icons/share.png"/><file href="theme/icons/think.png"/><file href="theme/icons/experiment.png"/><file href="theme/icons/geography.png"/><file href="theme/icons/diary.png"/><file href="theme/icons/math.png"/><file href="theme/icons/guide.png"/><file href="theme/icons/observe.png"/><file href="theme/style.js"/><file href="theme/screenshot.png"/><file href="theme/style.css"/><file href="common/vocabValues.xsd"/><file href="common/rootElement.xsd"/><file href="common/dataTypes.xsd"/><file href="common/anyElement.xsd"/><file href="common/vocabTypes.xsd"/><file href="common/elementTypes.xsd"/><file href="common/elementNames.xsd"/><file href="extend/strict.xsd"/><file href="unique/strict.xsd"/><file href="vocab/custom.xsd"/><file href="vocab/strict.xsd"/><file href="vocab/lomesvocab.xsd"/><file href="adlcp_rootv1p2.xsd"/><file href="content.xml"/><file href="ims_xml.xsd"/><file href="imscp_rootv1p1p2.xsd"/><file href="imslrm.xml"/><file href="imsmd_rootv1p2p1.xsd"/><file href="lom.xsd"/><file href="lomCustom.xsd"/></resource></resources></manifest>
