<?xml version="1.0" encoding="UTF-8"?>
<manifest identifier="eXe-MANIFEST-20251201142111QNKKEX" xmlns="http://www.imsproject.org/xsd/imscp_rootv1p1p2" xmlns:adlcp="http://www.adlnet.org/xsd/adlcp_rootv1p2" xmlns:imsmd="http://www.imsglobal.org/xsd/imsmd_v1p2" xmlns:xsi="http://www.w3.org/2001/XMLSchema-instance" xsi:schemaLocation="http://www.imsproject.org/xsd/imscp_rootv1p1p2 imscp_rootv1p1p2.xsd http://www.imsglobal.org/xsd/imsmd_rootv1p2p1 imsmd_rootv1p2p1.xsd http://www.adlnet.org/xsd/adlcp_rootv1p2 adlcp_rootv1p2.xsd"><metadata><schema>ADL SCORM</schema><schemaversion>1.2</schemaversion><adlcp:location>imslrm.xml</adlcp:location></metadata><organizations default="eXe-20251201142111QNKKEX"><organization identifier="eXe-20251201142111QNKKEX" structure="hierarchical"><title>Project title lorem ipsum dolor sit amet, consectetur adipiscing</title><item identifier="ITEM-20251201142710AVPLFR" identifierref="RES-20251201142710AVPLFR" isvisible="true"><title>Maecenas id</title></item><item identifier="ITEM-20251201142710OCXDMX" identifierref="RES-20251201142710OCXDMX" isvisible="true"><title>Duis placerat diam sit amet lacus iaculis luctus</title></item><item identifier="ITEM-20251201142710UEMJAG" identifierref="RES-20251201142710UEMJAG" isvisible="true"><title>Box options</title><item identifier="ITEM-20251201142710AANKBW" identifierref="RES-20251201142710AANKBW" isvisible="true"><title>Phasellus maximus 2.1</title></item><item identifier="ITEM-20251201142710UVGCIO" identifierref="RES-20251201142710UVGCIO" isvisible="true"><title>Nunc posuere laoreet 2.2</title><item identifier="ITEM-20251201142710KQAKAK" identifierref="RES-20251201142710KQAKAK" isvisible="true"><title>Nunc dapibus 2.1.1</title></item><item identifier="ITEM-20251201142710DYKLFX" identifierref="RES-20251201142710DYKLFX" isvisible="true"><title>Nunc dapibus 2.1.2</title></item><item identifier="ITEM-20251201142710YNTVYD" identifierref="RES-20251201142710YNTVYD" isvisible="true"><title>Nunc dapibus 2.1.3</title></item></item><item identifier="ITEM-20251201142710SBBKTI" identifierref="RES-20251201142710SBBKTI" isvisible="true"><title>Curabitur et purus sagittis</title></item></item><item identifier="ITEM-20251201142710FELEJE" identifierref="RES-20251201142710FELEJE" isvisible="true"><title>Proin neque eros, feugiat id vulputate</title><item identifier="ITEM-20251201142710YDBVEB" identifierref="RES-20251201142710YDBVEB" isvisible="true"><title>Interdum et malesuada 3.1</title></item><item identifier="ITEM-20251201142710WMAFAG" identifierref="RES-20251201142710WMAFAG" isvisible="true"><title>Maecenas id odio ornare 3.2</title></item></item><item identifier="ITEM-20251201142710GTGSPG" identifierref="RES-20251201142710GTGSPG" isvisible="true"><title>Duis placerat diam sit amet lacus iaculis luctus</title></item><item identifier="ITEM-20251201142710XSDDXS" identifierref="RES-20251201142710XSDDXS" isvisible="true"><title>Highlighted page</title></item><item identifier="ITEM-20251201142710WWKPQZ" identifierref="RES-20251201142710WWKPQZ" isvisible="true"><title>UDL examples</title></item></organization></organizations><resources><resource identifier="RES-20251201142710AVPLFR" type="webcontent" adlcp:scormtype="sco" href="index.html"><file href="index.html"/><file href="libs/exe_atools/exe_atools.css"/><file href="libs/exe_atools/exe_atools.js"/><file href="libs/exe_atools/exe_atools.png"/><file href="libs/exe_atools/exe_atools_ah.woff2"/><file href="libs/exe_atools/exe_atools_ah_ext.woff2"/><file href="libs/exe_atools/exe_atools_mo.woff2"/><file href="libs/exe_atools/exe_atools_mo_cy.woff2"/><file href="libs/exe_atools/exe_atools_mo_cy_ext.woff2"/><file href="libs/exe_atools/exe_atools_mo_ext.woff2"/><file href="libs/exe_atools/exe_atools_mo_vi.woff2"/><file href="libs/exe_atools/exe_atools_od.woff"/><file href="libs/exe_atools/exe_atools_od_b.woff"/><file href="libs/exe_atools/exe_atools_od_bi.woff"/><file href="libs/exe_atools/exe_atools_od_i.woff"/><file href="content/resources/20251124142042836E5A/abeja_cortadora_de_hojas_009.jpg"/><file href="content/resources/20251111074635DNDSCB/00.jpg"/><file href="idevices/text/text.css"/><file href="idevices/text/text.html"/><file href="idevices/text/text.js"/><dependency identifierref="COMMON_FILES"/></resource><resource identifier="RES-20251201142710OCXDMX" type="webcontent" adlcp:scormtype="sco" href="html/duis-placerat-diam-sit-amet-lacus-iaculis-luctus.html"><file href="html/duis-placerat-diam-sit-amet-lacus-iaculis-luctus.html"/><file href="libs/exe_effects/exe_effects.css"/><file href="libs/exe_effects/exe_effects.js"/><file href="libs/exe_atools/exe_atools.css"/><file href="libs/exe_atools/exe_atools.js"/><file href="libs/exe_atools/exe_atools.png"/><file href="libs/exe_atools/exe_atools_ah.woff2"/><file href="libs/exe_atools/exe_atools_ah_ext.woff2"/><file href="libs/exe_atools/exe_atools_mo.woff2"/><file href="libs/exe_atools/exe_atools_mo_cy.woff2"/><file href="libs/exe_atools/exe_atools_mo_cy_ext.woff2"/><file href="libs/exe_atools/exe_atools_mo_ext.woff2"/><file href="libs/exe_atools/exe_atools_mo_vi.woff2"/><file href="libs/exe_atools/exe_atools_od.woff"/><file href="libs/exe_atools/exe_atools_od_b.woff"/><file href="libs/exe_atools/exe_atools_od_bi.woff"/><file href="libs/exe_atools/exe_atools_od_i.woff"/><file href="content/resources/20251111074635VQOTOP/sq01.jpg"/><file href="content/resources/20251111074635VQOTOP/sq02.jpg"/><file href="content/resources/20251111074635VQOTOP/sq03.jpg"/><file href="idevices/text/text.css"/><file href="idevices/text/text.html"/><file href="idevices/text/text.js"/><dependency identifierref="COMMON_FILES"/></resource><resource identifier="RES-20251201142710UEMJAG" type="webcontent" adlcp:scormtype="sco" href="html/box-options.html"><file href="html/box-options.html"/><file href="libs/exe_atools/exe_atools.css"/><file href="libs/exe_atools/exe_atools.js"/><file href="libs/exe_atools/exe_atools.png"/><file href="libs/exe_atools/exe_atools_ah.woff2"/><file href="libs/exe_atools/exe_atools_ah_ext.woff2"/><file href="libs/exe_atools/exe_atools_mo.woff2"/><file href="libs/exe_atools/exe_atools_mo_cy.woff2"/><file href="libs/exe_atools/exe_atools_mo_cy_ext.woff2"/><file href="libs/exe_atools/exe_atools_mo_ext.woff2"/><file href="libs/exe_atools/exe_atools_mo_vi.woff2"/><file href="libs/exe_atools/exe_atools_od.woff"/><file href="libs/exe_atools/exe_atools_od_b.woff"/><file href="libs/exe_atools/exe_atools_od_bi.woff"/><file href="libs/exe_atools/exe_atools_od_i.woff"/><file href="idevices/text/text.css"/><file href="idevices/text/text.html"/><file href="idevices/text/text.js"/><dependency identifierref="COMMON_FILES"/></resource><resource identifier="RES-20251201142710AANKBW" type="webcontent" adlcp:scormtype="sco" href="html/phasellus-maximus-2-1.html"><file href="html/phasellus-maximus-2-1.html"/><file href="libs/exe_atools/exe_atools.css"/><file href="libs/exe_atools/exe_atools.js"/><file href="libs/exe_atools/exe_atools.png"/><file href="libs/exe_atools/exe_atools_ah.woff2"/><file href="libs/exe_atools/exe_atools_ah_ext.woff2"/><file href="libs/exe_atools/exe_atools_mo.woff2"/><file href="libs/exe_atools/exe_atools_mo_cy.woff2"/><file href="libs/exe_atools/exe_atools_mo_cy_ext.woff2"/><file href="libs/exe_atools/exe_atools_mo_ext.woff2"/><file href="libs/exe_atools/exe_atools_mo_vi.woff2"/><file href="libs/exe_atools/exe_atools_od.woff"/><file href="libs/exe_atools/exe_atools_od_b.woff"/><file href="libs/exe_atools/exe_atools_od_bi.woff"/><file href="libs/exe_atools/exe_atools_od_i.woff"/><dependency identifierref="COMMON_FILES"/></resource><resource identifier="RES-20251201142710UVGCIO" type="webcontent" adlcp:scormtype="sco" href="html/nunc-posuere-laoreet-2-2.html"><file href="html/nunc-posuere-laoreet-2-2.html"/><file href="libs/exe_atools/exe_atools.css"/><file href="libs/exe_atools/exe_atools.js"/><file href="libs/exe_atools/exe_atools.png"/><file href="libs/exe_atools/exe_atools_ah.woff2"/><file href="libs/exe_atools/exe_atools_ah_ext.woff2"/><file href="libs/exe_atools/exe_atools_mo.woff2"/><file href="libs/exe_atools/exe_atools_mo_cy.woff2"/><file href="libs/exe_atools/exe_atools_mo_cy_ext.woff2"/><file href="libs/exe_atools/exe_atools_mo_ext.woff2"/><file href="libs/exe_atools/exe_atools_mo_vi.woff2"/><file href="libs/exe_atools/exe_atools_od.woff"/><file href="libs/exe_atools/exe_atools_od_b.woff"/><file href="libs/exe_atools/exe_atools_od_bi.woff"/><file href="libs/exe_atools/exe_atools_od_i.woff"/><dependency identifierref="COMMON_FILES"/></resource><resource identifier="RES-20251201142710KQAKAK" type="webcontent" adlcp:scormtype="sco" href="html/nunc-dapibus-2-1-1.html"><file href="html/nunc-dapibus-2-1-1.html"/><file href="libs/exe_atools/exe_atools.css"/><file href="libs/exe_atools/exe_atools.js"/><file href="libs/exe_atools/exe_atools.png"/><file href="libs/exe_atools/exe_atools_ah.woff2"/><file href="libs/exe_atools/exe_atools_ah_ext.woff2"/><file href="libs/exe_atools/exe_atools_mo.woff2"/><file href="libs/exe_atools/exe_atools_mo_cy.woff2"/><file href="libs/exe_atools/exe_atools_mo_cy_ext.woff2"/><file href="libs/exe_atools/exe_atools_mo_ext.woff2"/><file href="libs/exe_atools/exe_atools_mo_vi.woff2"/><file href="libs/exe_atools/exe_atools_od.woff"/><file href="libs/exe_atools/exe_atools_od_b.woff"/><file href="libs/exe_atools/exe_atools_od_bi.woff"/><file href="libs/exe_atools/exe_atools_od_i.woff"/><dependency identifierref="COMMON_FILES"/></resource><resource identifier="RES-20251201142710DYKLFX" type="webcontent" adlcp:scormtype="sco" href="html/nunc-dapibus-2-1-2.html"><file href="html/nunc-dapibus-2-1-2.html"/><file href="libs/exe_atools/exe_atools.css"/><file href="libs/exe_atools/exe_atools.js"/><file href="libs/exe_atools/exe_atools.png"/><file href="libs/exe_atools/exe_atools_ah.woff2"/><file href="libs/exe_atools/exe_atools_ah_ext.woff2"/><file href="libs/exe_atools/exe_atools_mo.woff2"/><file href="libs/exe_atools/exe_atools_mo_cy.woff2"/><file href="libs/exe_atools/exe_atools_mo_cy_ext.woff2"/><file href="libs/exe_atools/exe_atools_mo_ext.woff2"/><file href="libs/exe_atools/exe_atools_mo_vi.woff2"/><file href="libs/exe_atools/exe_atools_od.woff"/><file href="libs/exe_atools/exe_atools_od_b.woff"/><file href="libs/exe_atools/exe_atools_od_bi.woff"/><file href="libs/exe_atools/exe_atools_od_i.woff"/><dependency identifierref="COMMON_FILES"/></resource><resource identifier="RES-20251201142710YNTVYD" type="webcontent" adlcp:scormtype="sco" href="html/nunc-dapibus-2-1-3.html"><file href="html/nunc-dapibus-2-1-3.html"/><file href="libs/exe_atools/exe_atools.css"/><file href="libs/exe_atools/exe_atools.js"/><file href="libs/exe_atools/exe_atools.png"/><file href="libs/exe_atools/exe_atools_ah.woff2"/><file href="libs/exe_atools/exe_atools_ah_ext.woff2"/><file href="libs/exe_atools/exe_atools_mo.woff2"/><file href="libs/exe_atools/exe_atools_mo_cy.woff2"/><file href="libs/exe_atools/exe_atools_mo_cy_ext.woff2"/><file href="libs/exe_atools/exe_atools_mo_ext.woff2"/><file href="libs/exe_atools/exe_atools_mo_vi.woff2"/><file href="libs/exe_atools/exe_atools_od.woff"/><file href="libs/exe_atools/exe_atools_od_b.woff"/><file href="libs/exe_atools/exe_atools_od_bi.woff"/><file href="libs/exe_atools/exe_atools_od_i.woff"/><dependency identifierref="COMMON_FILES"/></resource><resource identifier="RES-20251201142710SBBKTI" type="webcontent" adlcp:scormtype="sco" href="html/curabitur-et-purus-sagittis.html"><file href="html/curabitur-et-purus-sagittis.html"/><file href="libs/exe_atools/exe_atools.css"/><file href="libs/exe_atools/exe_atools.js"/><file href="libs/exe_atools/exe_atools.png"/><file href="libs/exe_atools/exe_atools_ah.woff2"/><file href="libs/exe_atools/exe_atools_ah_ext.woff2"/><file href="libs/exe_atools/exe_atools_mo.woff2"/><file href="libs/exe_atools/exe_atools_mo_cy.woff2"/><file href="libs/exe_atools/exe_atools_mo_cy_ext.woff2"/><file href="libs/exe_atools/exe_atools_mo_ext.woff2"/><file href="libs/exe_atools/exe_atools_mo_vi.woff2"/><file href="libs/exe_atools/exe_atools_od.woff"/><file href="libs/exe_atools/exe_atools_od_b.woff"/><file href="libs/exe_atools/exe_atools_od_bi.woff"/><file href="libs/exe_atools/exe_atools_od_i.woff"/><dependency identifierref="COMMON_FILES"/></resource><resource identifier="RES-20251201142710FELEJE" type="webcontent" adlcp:scormtype="sco" href="html/proin-neque-eros-feugiat-id-vulputate.html"><file href="html/proin-neque-eros-feugiat-id-vulputate.html"/><file href="libs/exe_atools/exe_atools.css"/><file href="libs/exe_atools/exe_atools.js"/><file href="libs/exe_atools/exe_atools.png"/><file href="libs/exe_atools/exe_atools_ah.woff2"/><file href="libs/exe_atools/exe_atools_ah_ext.woff2"/><file href="libs/exe_atools/exe_atools_mo.woff2"/><file href="libs/exe_atools/exe_atools_mo_cy.woff2"/><file href="libs/exe_atools/exe_atools_mo_cy_ext.woff2"/><file href="libs/exe_atools/exe_atools_mo_ext.woff2"/><file href="libs/exe_atools/exe_atools_mo_vi.woff2"/><file href="libs/exe_atools/exe_atools_od.woff"/><file href="libs/exe_atools/exe_atools_od_b.woff"/><file href="libs/exe_atools/exe_atools_od_bi.woff"/><file href="libs/exe_atools/exe_atools_od_i.woff"/><dependency identifierref="COMMON_FILES"/></resource><resource identifier="RES-20251201142710YDBVEB" type="webcontent" adlcp:scormtype="sco" href="html/interdum-et-malesuada-3-1.html"><file href="html/interdum-et-malesuada-3-1.html"/><file href="libs/exe_atools/exe_atools.css"/><file href="libs/exe_atools/exe_atools.js"/><file href="libs/exe_atools/exe_atools.png"/><file href="libs/exe_atools/exe_atools_ah.woff2"/><file href="libs/exe_atools/exe_atools_ah_ext.woff2"/><file href="libs/exe_atools/exe_atools_mo.woff2"/><file href="libs/exe_atools/exe_atools_mo_cy.woff2"/><file href="libs/exe_atools/exe_atools_mo_cy_ext.woff2"/><file href="libs/exe_atools/exe_atools_mo_ext.woff2"/><file href="libs/exe_atools/exe_atools_mo_vi.woff2"/><file href="libs/exe_atools/exe_atools_od.woff"/><file href="libs/exe_atools/exe_atools_od_b.woff"/><file href="libs/exe_atools/exe_atools_od_bi.woff"/><file href="libs/exe_atools/exe_atools_od_i.woff"/><dependency identifierref="COMMON_FILES"/></resource><resource identifier="RES-20251201142710WMAFAG" type="webcontent" adlcp:scormtype="sco" href="html/maecenas-id-odio-ornare-3-2.html"><file href="html/maecenas-id-odio-ornare-3-2.html"/><file href="libs/exe_atools/exe_atools.css"/><file href="libs/exe_atools/exe_atools.js"/><file href="libs/exe_atools/exe_atools.png"/><file href="libs/exe_atools/exe_atools_ah.woff2"/><file href="libs/exe_atools/exe_atools_ah_ext.woff2"/><file href="libs/exe_atools/exe_atools_mo.woff2"/><file href="libs/exe_atools/exe_atools_mo_cy.woff2"/><file href="libs/exe_atools/exe_atools_mo_cy_ext.woff2"/><file href="libs/exe_atools/exe_atools_mo_ext.woff2"/><file href="libs/exe_atools/exe_atools_mo_vi.woff2"/><file href="libs/exe_atools/exe_atools_od.woff"/><file href="libs/exe_atools/exe_atools_od_b.woff"/><file href="libs/exe_atools/exe_atools_od_bi.woff"/><file href="libs/exe_atools/exe_atools_od_i.woff"/><dependency identifierref="COMMON_FILES"/></resource><resource identifier="RES-20251201142710GTGSPG" type="webcontent" adlcp:scormtype="sco" href="html/duis-placerat-diam-sit-amet-lacus-iaculis-luctus1.html"><file href="html/duis-placerat-diam-sit-amet-lacus-iaculis-luctus1.html"/><file href="libs/exe_atools/exe_atools.css"/><file href="libs/exe_atools/exe_atools.js"/><file href="libs/exe_atools/exe_atools.png"/><file href="libs/exe_atools/exe_atools_ah.woff2"/><file href="libs/exe_atools/exe_atools_ah_ext.woff2"/><file href="libs/exe_atools/exe_atools_mo.woff2"/><file href="libs/exe_atools/exe_atools_mo_cy.woff2"/><file href="libs/exe_atools/exe_atools_mo_cy_ext.woff2"/><file href="libs/exe_atools/exe_atools_mo_ext.woff2"/><file href="libs/exe_atools/exe_atools_mo_vi.woff2"/><file href="libs/exe_atools/exe_atools_od.woff"/><file href="libs/exe_atools/exe_atools_od_b.woff"/><file href="libs/exe_atools/exe_atools_od_bi.woff"/><file href="libs/exe_atools/exe_atools_od_i.woff"/><dependency identifierref="COMMON_FILES"/></resource><resource identifier="RES-20251201142710XSDDXS" type="webcontent" adlcp:scormtype="sco" href="html/highlighted-page.html"><file href="html/highlighted-page.html"/><file href="libs/exe_atools/exe_atools.css"/><file href="libs/exe_atools/exe_atools.js"/><file href="libs/exe_atools/exe_atools.png"/><file href="libs/exe_atools/exe_atools_ah.woff2"/><file href="libs/exe_atools/exe_atools_ah_ext.woff2"/><file href="libs/exe_atools/exe_atools_mo.woff2"/><file href="libs/exe_atools/exe_atools_mo_cy.woff2"/><file href="libs/exe_atools/exe_atools_mo_cy_ext.woff2"/><file href="libs/exe_atools/exe_atools_mo_ext.woff2"/><file href="libs/exe_atools/exe_atools_mo_vi.woff2"/><file href="libs/exe_atools/exe_atools_od.woff"/><file href="libs/exe_atools/exe_atools_od_b.woff"/><file href="libs/exe_atools/exe_atools_od_bi.woff"/><file href="libs/exe_atools/exe_atools_od_i.woff"/><dependency identifierref="COMMON_FILES"/></resource><resource identifier="RES-20251201142710WWKPQZ" type="webcontent" adlcp:scormtype="sco" href="html/udl-examples.html"><file href="html/udl-examples.html"/><file href="libs/exe_atools/exe_atools.css"/><file href="libs/exe_atools/exe_atools.js"/><file href="libs/exe_atools/exe_atools.png"/><file href="libs/exe_atools/exe_atools_ah.woff2"/><file href="libs/exe_atools/exe_atools_ah_ext.woff2"/><file href="libs/exe_atools/exe_atools_mo.woff2"/><file href="libs/exe_atools/exe_atools_mo_cy.woff2"/><file href="libs/exe_atools/exe_atools_mo_cy_ext.woff2"/><file href="libs/exe_atools/exe_atools_mo_ext.woff2"/><file href="libs/exe_atools/exe_atools_mo_vi.woff2"/><file href="libs/exe_atools/exe_atools_od.woff"/><file href="libs/exe_atools/exe_atools_od_b.woff"/><file href="libs/exe_atools/exe_atools_od_bi.woff"/><file href="libs/exe_atools/exe_atools_od_i.woff"/><file href="idevices/udl-content/udl-character-1.gif"/><file href="idevices/udl-content/udl-character-2.gif"/><file href="idevices/udl-content/udl-character-3.gif"/><file href="idevices/udl-content/udl-character-4.gif"/><file href="idevices/udl-content/udl-content.css"/><file href="idevices/udl-content/udl-content.js"/><file href="idevices/udl-content/udl-icons-sm.png"/><file href="idevices/udl-content/udl-icons.png"/><dependency identifierref="COMMON_FILES"/></resource><resource identifier="COMMON_FILES" type="webcontent" adlcp:scormtype="asset"><file href="libs/favicon.ico"/><file href="libs/SCORM_API_wrapper.js"/><file href="libs/SCOFunctions.js"/><file href="libs/bootstrap/bootstrap.min.css.map"/><file href="libs/bootstrap/bootstrap.bundle.min.js.map"/><file href="libs/bootstrap/bootstrap.bundle.min.js"/><file href="libs/bootstrap/bootstrap.min.css"/><file href="libs/jquery/jquery.min.js"/><file href="libs/exe_export.js"/><file href="libs/common.js"/><file href="libs/exe_effects/exe_effects.js"/><file href="libs/exe_effects/exe_effects.css"/><file href="libs/common_i18n.js"/><file href="libs/exe_atools/exe_atools.png"/><file href="libs/exe_atools/exe_atools_ah.woff2"/><file href="libs/exe_atools/exe_atools_ah_ext.woff2"/><file href="libs/exe_atools/exe_atools_mo_vi.woff2"/><file href="libs/exe_atools/exe_atools_od_bi.woff"/><file href="libs/exe_atools/exe_atools.css"/><file href="libs/exe_atools/exe_atools_mo_cy_ext.woff2"/><file href="libs/exe_atools/exe_atools_mo_ext.woff2"/><file href="libs/exe_atools/exe_atools_od_i.woff"/><file href="libs/exe_atools/exe_atools_mo_cy.woff2"/><file href="libs/exe_atools/exe_atools_od_b.woff"/><file href="libs/exe_atools/exe_atools_mo.woff2"/><file href="libs/exe_atools/exe_atools_od.woff"/><file href="libs/exe_atools/exe_atools.js"/><file href="content/css/base.css"/><file href="content/css/icons/exe-share-icon-green.svg"/><file href="content/css/icons/exe-preview-icon-white.svg"/><file href="content/css/icons/exe-science-icon-green.svg"/><file href="content/css/icons/exe-preview-icon-green.svg"/><file href="content/css/icons/exe-upload-cloud-icon.svg"/><file href="content/css/icons/exe-new-icon.svg"/><file href="content/css/icons/exe-open-icon.svg"/><file href="content/css/icons/exe-page-icon-green.svg"/><file href="content/css/icons/menu.svg"/><file href="content/css/icons/exe-styles-icon.svg"/><file href="content/css/icons/exe-settings-icon.svg"/><file href="content/css/icons/minus.svg"/><file href="content/css/icons/exe-palette-icon-green.svg"/><file href="content/css/icons/exe-user-made-icon.svg"/><file href="content/css/icons/exe-search-icon.svg"/><file href="content/css/icons/exe-save-icon-white.svg"/><file href="content/css/icons/exe-upload-cloud-icon-green.svg"/><file href="content/css/icons/exe-save-icon-green.svg"/><file href="content/css/icons/exe-save-icon.svg"/><file href="content/css/icons/exe-undo-icon-green.svg"/><file href="content/css/icons/exe-move-icon.svg"/><file href="content/css/icons/exe-new-icon-green.svg"/><file href="content/css/icons/plus.svg"/><file href="content/css/icons/exe-report-icon-green.svg"/><file href="content/css/icons/exe-undo-icon.svg"/><file href="content/css/icons/exe-recent-icon-green.svg"/><file href="content/css/icons/exe-settings-icon-green.svg"/><file href="content/css/icons/exe-page-icon.svg"/><file href="content/css/icons/exe-print-icon-green.svg"/><file href="content/css/icons/exe-share-icon.svg"/><file href="content/img/exe_powered_logo.png"/><file href="theme/config.xml"/><file href="theme/img/licenses.gif"/><file href="theme/img/icons.png"/><file href="theme/icons/chrono.png"/><file href="theme/icons/info.png"/><file href="theme/icons/objectives.png"/><file href="theme/style.js"/><file href="theme/screenshot.png"/><file href="theme/fonts/open-sans.woff2"/><file href="theme/fonts/open-sans-bold.woff2"/><file href="theme/fonts/open-sans.woff"/><file href="theme/fonts/open-sans-bold.woff"/><file href="theme/style.css"/><file href="common/vocabValues.xsd"/><file href="common/rootElement.xsd"/><file href="common/dataTypes.xsd"/><file href="common/anyElement.xsd"/><file href="common/vocabTypes.xsd"/><file href="common/elementTypes.xsd"/><file href="common/elementNames.xsd"/><file href="extend/strict.xsd"/><file href="unique/strict.xsd"/><file href="vocab/custom.xsd"/><file href="vocab/strict.xsd"/><file href="vocab/lomesvocab.xsd"/><file href="adlcp_rootv1p2.xsd"/><file href="content.xml"/><file href="ims_xml.xsd"/><file href="imscp_rootv1p1p2.xsd"/><file href="imslrm.xml"/><file href="imsmd_rootv1p2p1.xsd"/><file href="lom.xsd"/><file href="lomCustom.xsd"/></resource></resources></manifest>
